<?xml version="1.0" ?>
<server>
	<active>false</active>
	<changes>Versión incial</changes>
	<date>25/03/2016</date>
	<free>false</free>
	<id>rapidshare</id>
	<name>rapidshare</name>
	<premium>
		<value>realdebrid</value>
		<value>alldebrid</value>
	</premium>
	<thumbnail>http://media.tvalacarta.info/servers/server_rapidshare.png</thumbnail>
	<update_url>https://raw.githubusercontent.com/tvalacarta/pelisalacarta/master/python/main-classic/servers/</update_url>
	<version>1</version>
</server>
