<?xml version="1.0" encoding="UTF-8" standalone="yes"?>
<addon id="repository.Mirepor" name="[COLOR orange]Repo Narajito[/COLOR]" version="1.0.2" provider-name="Naranjito">
    <extension point="xbmc.addon.repository" name="Naranjitos">
        <dir minversion="21.0.0">
            <info>https://raw.githubusercontent.com/brujotv/repo-naranjitos/master/Repositorio/addons.xml</info>
            <checksum>https://raw.githubusercontent.com/brujotv/repo-naranjitos/master/Repositorio/addons.xml.md5</checksum>
            <datadir zip="true">https://raw.githubusercontent.com/brujotv/repo-naranjitos/master/Repositorio/</datadir>
            <hashes>sha256</hashes>
        </dir>
    </extension>
    <extension point="xbmc.addon.metadata">
        <summary>Repositorio para todos</summary>
        <description></description>
        <disclaimer></disclaimer>
        <platform>all</platform>
    </extension>
</addon>
