<?xml version="1.0" encoding="UTF-8" standalone="yes"?>
<addon id="repository.naranjito" name="[COLOR lime]Naranjito[/COLOR] Repo" version="1.0.2" provider-name="Naranjito">
    <extension point="xbmc.addon.repository" name="Naranjito repositorio">
        <dir minversion="21.0.0">
            <info>https://raw.githubusercontent.com/brujotv/repo-naranjitos/master/Repositorio/addons.xml</info>
            <checksum>https://raw.githubusercontent.com/brujotv/repo-naranjitos/master/Repositorio/addons.xml.md5</checksum>
            <datadir zip="true">https://raw.githubusercontent.com/brujotv/repo-naranjitos/master/Repositorio/</datadir>
        </dir>
    </extension>
    <extension point="xbmc.addon.metadata">
        <summary>Repositorio Naranjito</summary>
        <description>Repositorio de addons para Kodi</description>
        <disclaimer></disclaimer>
        <platform>all</platform>
    </extension>
</addon> 