<?xml version="1.0" encoding="UTF-8" standalone="yes"?>
<addon id="plugin.video.naranjitosxxx" name="Naranjitos XXX" version="1.0.0" provider-name="Naranjitos">
  <requires>
    <import addon="xbmc.python" version="3.0.0"/>
  </requires>
  <extension point="xbmc.python.pluginsource" library="addon.py">
    <provides>video</provides>
  </extension>
  <extension point="xbmc.addon.metadata">
    <summary lang="es">Películas y videos desde listado BrujoTV</summary>
    <description lang="es">Addon de video: películas y videos desde los XML de brujotv/xxx (peliculas xxx.xml y videos xxx.xml).</description>
    <platform>all</platform>
    <license>GPL-2.0-or-later</license>
    <assets>
      <icon>icon.png</icon>
      <fanart>resources/fanart.jpg</fanart>
    </assets>
  </extension>
</addon>
