<?xml version="3.0" encoding="UTF-8" standalone="yes"?>
<addon id="plugin.video.Naranjitomatrix"
       name="[COLOR orange]Naranjitos[/COLOR]"
       version="1.2.1+matrix"
       provider-name="Naranjitos">
<requires>
    <import addon="xbmc.python" version="3.0.0"/>
    <import addon="script.module.requests"/>
    <import addon="script.module.simplejson"/>
	<import addon="script.module.kodi-six" />
</requires>  
<extension point="xbmc.python.pluginsource" library="default.py">
	<provides>video</provides>
</extension>   
<extension point="xbmc.addon.metadata">
	 <summary lang="en">Creado por Naranjitos</summary>
    <description lang="en">Naranjitos 2017</description>
    <disclaimer lang="en"></disclaimer>
	<platform>all</platform>
	<assets>
       <icon>icon.png</icon>
       <fanart>fanart.jpg</fanart>
</assets>
	<news>news
	</news>
</extension>
</addon>