<?xml version="1.0" encoding="UTF-8" standalone="yes"?>
<items>
    <!-- Ejemplo de Video Normal de YouTube -->
    <item>
        <title>Naranjito Matrix - Trailer</title>
        <utube>dQw4w9WgXcQ</utube> <!-- ID del video de YouTube (11 caracteres) -->
        <thumbnail>https://img.youtube.com/vi/dQw4w9WgXcQ/hqdefault.jpg</thumbnail>
        <fanart>https://img.youtube.com/vi/dQw4w9WgXcQ/maxresdefault.jpg</fanart>
        <info>Este es un ejemplo de video de YouTube.</info>
    </item>

    <!-- Ejemplo de En Vivo de YouTube -->
    <item>
        <title>Canal en Vivo</title>
        <utubelive>5qap5aO4i9A</utubelive> <!-- ID del live stream (11 caracteres) -->
        <thumbnail>https://img.youtube.com/vi/5qap5aO4i9A/hqdefault.jpg</thumbnail>
        <fanart>https://img.youtube.com/vi/5qap5aO4i9A/maxresdefault.jpg</fanart>
        <info>Este es un ejemplo de transmisión en vivo.</info>
    </item>
</items>
