<sources>
    <programs>
        <default pathversion="1"></default>
    </programs>
    <video>
        <default pathversion="1"></default>
        <source>
            <name>Inbox</name>
            <path pathversion="1">special://envhome/Documents/Inbox/</path>
            <allowsharing>true</allowsharing>
        </source>
    </video>
    <music>
        <default pathversion="1"></default>
        <source>
            <name>Inbox</name>
            <path pathversion="1">special://envhome/Documents/Inbox/</path>
            <allowsharing>true</allowsharing>
        </source>
    </music>
    <pictures>
        <default pathversion="1"></default>
        <source>
            <name>Inbox</name>
            <path pathversion="1">special://envhome/Documents/Inbox/</path>
            <allowsharing>true</allowsharing>
        </source>
    </pictures>
    <files>
        <default pathversion="1"></default>
    </files>
</sources>
