<?xml version="1.0" encoding="UTF-8" standalone="yes"?>
<addon id="repository.Mirepor-1.0.1" name="[COLOR lime]Repositorio Narajitos[/COLOR] Repo" version="1.0.1" provider-name="Yo Mismo">
    <extension point="xbmc.addon.repository" name="Mi repositorio">
        <info>https://raw.githubusercontent.com/brujotv/repo-naranjitos/master/Repositorio/addons.xml</info>
        <checksum>https://raw.githubusercontent.com/brujotv/repo-naranjitos/master/Repositorio/addons.xml.md5</checksum>
        <datadir zip="true">https://raw.githubusercontent.com/brujotv/master/Repositorio/</datadir>
    </extension>
    <extension point="xbmc.addon.metadata">
        <summary>Repositorio para todos</summary>
        <description></description>
        <disclaimer></disclaimer>
        <platform>all</platform>
    </extension>
</addon>
